4basebio Plc ,4BB,	590.00	1,800	0.00%	580.00	590.00	4
7digital ,7DIG,	0.55	10,132,785	-4.35%	0.55	0.575	34
88 Energy ,88E,	1.53	24,832,311	-4.38%	1.53	1.53	123
Ariana ,AAU,	4.10	379,104	-1.20%	4.00	4.10	9
Anglo Asian ,AAZ,	112.50	193,080	4.65%	110.50	116.50	46
Abcam ,ABC,	1,400.00	539,819	-3.25%	1,379.00	1,486.00	3,101
Ab Dynamics ,ABDP,	1,770.00	5,696	1.43%	1,705.00	1,770.00	30
Abingdon Healt. ,ABDX,	22.50	118,000	-2.17%	22.50	23.00	26
Access Intelligence ,ACC,	152.50	2,222	0.00%	152.50	152.50	5
Armadale Capital ,ACP,	5.35	3,636,269	3.88%	5.26	5.35	61
Accrol Gp ,ACRL,	22.80	4,314,937	-8.06%	22.40	24.80	179
Accesso Tech ,ACSO,	810.00	130,419	-1.22%	800.00	834.00	103
Actual Experience ,ACT,	19.50	72,726	-2.50%	19.50	20.00	5
Adm Energy ,ADME,	1.05	2,389,450	31.25%	0.80	1.05	27
Adept Tech. ,ADT,	223.00	5,756	-0.89%	223.00	225.00	3
Advance Energy ,ADV,	3.98	10,588,225	-1.12%	3.98	3.98	147
Active Energy ,AEG,	0.185	5,299,138	0.00%	0.185	0.185	11
Aeorema Comm. ,AEO,	78.50	32,467	0.64%	78.50	79.00	11
Afentra ,AET,	14.50	0	0.00%	0.00	0.00	0
Aex Gold Inc. ,AEXG,	34.70	23,845	0.58%	34.50	34.70	5
Afc Energy ,AFC,	43.35	2,773,355	2.00%	42.00	44.20	545
Alpha Fin. Mkts ,AFM,	440.00	554,077	0.00%	440.00	440.00	19
ADVFN ,AFN,	80.00	45,305	14.29%	74.00	74.00	19
Aferian ,AFRN,	158.50	53,681	0.00%	158.50	158.50	10
Alpha Fx Group. ,AFX,	2,250.00	14,534	-0.22%	2,240.00	2,255.00	27
Argentex Group. ,AGFX,	89.40	219,196	1.36%	86.20	89.80	76
ANGLE ,AGL,	121.00	1,364,388	0.00%	106.50	121.50	199
Applied Graph. ,AGM,	21.00	56,945	-2.33%	21.80	21.80	24
Agriterra Ld ,AGTA,	4.76	281	0.00%	4.76	4.76	1
Allergy Thera. ,AGY,	30.00	2,824,258	-4.76%	30.00	30.00	67
AIREA ,AIEA,	27.00	7	0.00%	27.00	27.00	1
Alba Mineral Resources ,ALBA,	0.132	7,246,634	-2.52%	0.132	0.132	26
Atlantic Lith ,ALL,	29.00	3,576,618	-0.34%	28.00	30.80	212
Altus Strategi. ,ALS,	59.50	71,877	1.71%	58.50	59.50	6
Altitude Group ,ALT,	26.50	11,507	0.00%	26.50	26.50	2
Alumasc Group ,ALU,	222.50	28,158	-1.11%	217.50	227.50	23
Amur Minerals ,AMC,	1.797	1,554,400	5.71%	0.00	0.00	30
Advanced Medical Solutions Group ,AMS,	304.50	192,561	-0.81%	302.00	308.00	214
Amte Power ,AMTE,	144.00	58,317	0.00%	144.00	144.00	22
Animalcare Grp ,ANCR,	339.00	3,125	1.50%	339.00	339.00	5
Angling Direct ,ANG,	53.50	748	0.00%	53.50	53.50	2
Angus Energy ,ANGS,	1.00	12,575,643	0.00%	0.925	1.00	66
Agronomics ,ANIC,	20.90	699,461	-0.48%	20.90	21.25	69
Anpario ,ANP,	605.00	10,480	-0.33%	600.00	605.00	11
Anexo Group Plc ,ANX,	138.00	11,003	0.00%	136.50	136.50	9
Activeops ,AOM,	167.00	8,132	0.00%	167.00	167.00	3
Alliance Pharma ,APH,	103.20	415,013	-2.09%	103.20	106.00	266
Appreciate Grp. ,APP,	23.90	440,376	-1.47%	23.50	23.90	17
Aquis Exchange ,AQX,	620.00	0	0.00%	620.00	620.00	0
Arbuthnot ,ARBB,	852.50	1,023	0.59%	0.00	0.00	3
Arcontech Group ,ARC,	77.00	22,184	0.00%	77.00	77.00	5
Arc Minerals ,ARCM,	2.50	3,791,228	-4.76%	2.45	2.625	43
Arden Partners ,ARDN,	22.00	0	0.00%	22.00	22.00	0
Arena Events Group ,ARE,	20.50	3,152,039	0.00%	20.00	20.50	8
Arecor Therape ,AREC,	400.00	1,250	0.00%	400.00	400.00	1
Argos Resources ,ARG,	1.50	0	0.00%	1.50	1.50	0
Argo Group ,ARGO,	20.00	0	0.00%	20.00	20.00	0
Arkle Res ,ARK,	0.65	50,588	0.00%	0.65	0.65	3
Asiamet Res ,ARS,	2.475	4,881,073	-1.00%	2.45	2.525	31
Artisanal Sp.co ,ART,	96.00	61,541	0.00%	96.00	96.00	6
ASOS ,ASC,	2,514.00	1,682,620	11.29%	2,337.00	2,548.00	9,895
Asimilar Grp ,ASLR,	31.50	711,338	5.00%	30.00	32.50	24
Ascent Resources ,AST,	3.40	183,008	0.00%	3.40	3.40	12
Assetco ,ASTO,	1,550.00	782	0.00%	1,550.00	1,550.00	2
Andrew Sykes ,ASY,	507.00	488	0.40%	505.00	507.00	5
Afritin Mining. ,ATM,	5.70	2,216,809	0.88%	5.70	5.70	43
Atome Energy ,ATOM,	84.00	90,021	-1.18%	83.00	84.00	142
Attraqt Group ,ATQT,	31.00	9,638	1.64%	31.00	31.00	1
Atalaya Mining ,ATYM,	420.00	718,482	-2.33%	415.00	432.50	177
Aukett Swanke ,AUK,	2.25	47,025	0.00%	2.25	2.25	4
Aura Egy ,AURA,	16.00	62,473	0.00%	15.00	16.00	9
Autins Group ,AUTG,	20.50	7,322	0.00%	20.50	20.50	1
Avacta ,AVCT,	80.00	1,452,942	-4.19%	79.00	83.00	315
Avingtrans ,AVG,	440.00	13,407	3.53%	425.00	440.00	16
Advanced Oncotherapy ,AVO,	37.00	860	-1.33%	37.00	37.50	2
Arrow Explor. ,AXL,	8.25	1,287,108	0.00%	8.00	8.25	5
Accsys Tech ,AXS,	169.00	14,736	-0.15%	168.50	170.50	9
B90 Holdings ,B90,	9.00	102,800	-2.70%	9.00	9.25	8
Brand Architek. ,BAR,	119.00	21,765	-2.46%	119.00	122.00	10
Barkby Group ,BARK,	17.00	6,279	0.00%	17.00	17.00	2
Bigblu Broadb. ,BBB,	71.50	9,174	-2.05%	71.50	73.00	15
Brave Bison Grp ,BBSN,	1.45	1,080,000	0.00%	1.45	1.45	2
Begbies ,BEG,	131.00	515,786	1.71%	127.20	132.00	62
Belluscura ,BELL,	146.50	356,385	10.57%	145.00	148.50	102
Beowulf ,BEM,	14.50	1,936,765	1.75%	13.80	15.00	93
Bens Creek ,BEN,	32.50	526,891	-5.11%	32.50	34.25	96
Bango ,BGO,	193.50	23,598	-0.77%	193.50	194.00	20
Bradda Lithium ,BHL,	13.06	10,951,080	11.62%	11.80	13.06	348
Bidstack Group ,BIDS,	4.60	21,408,816	-10.68%	4.60	4.975	412
Big Tech Plc ,BIG,	305.00	22,526	-2.23%	305.00	320.00	30
Billington ,BILN,	228.00	3,335	1.33%	218.00	228.00	2
Biome Tech ,BIOM,	320.00	3,828	6.67%	300.00	320.00	7
Bion ,BION,	1.65	0	0.00%	0.00	0.00	0
Blackbird ,BIRD,	27.25	1,399,814	-4.39%	27.00	28.50	53
Beeks Fin.cloud ,BKS,	190.50	54,251	4.10%	183.00	190.50	23
Block Energy P. ,BLOE,	1.25	8,453,656	0.00%	1.25	1.25	29
Blan Tech Grp ,BLTG,	234.00	28,684	-0.85%	232.00	236.00	7
Blue Star ,BLU,	0.465	72,950,235	-3.13%	0.44	0.48	165
Belvoir ,BLV,	257.50	39,952	-1.15%	252.50	260.50	27
Bowleven ,BLVN,	3.00	37,913	0.00%	3.00	3.00	5
Benchmark Hlds ,BMK,	56.00	292,750	-0.91%	53.00	56.00	52
Bushveld Minerals ,BMN,	9.15	673,027	-1.61%	9.15	9.40	71
Botswana Diam ,BOD,	1.00	702,229	-2.44%	0.975	1.025	18
Baron Oil ,BOIL,	0.073	41,250,481	7.41%	0.068	0.075	48
Boku Inc. ,BOKU,	173.00	56,531	0.29%	171.00	174.00	13
Bonhill Group ,BONH,	8.75	198,259	0.00%	8.75	8.75	3
Boohoo ,BOO,	121.05	24,748,691	8.52%	111.60	122.30	6,012
Audioboom Grp. ,BOOM,	1,605.00	76,841	2.88%	1,585.00	1,630.00	149
Borders & Sth. ,BOR,	0.62	1,606,163	-13.00%	0.62	0.728	41
Best ,BOTB,	590.00	3,822	0.85%	590.00	596.00	14
B.p Marsh ,BPM,	321.00	4,096	0.00%	321.00	321.00	6
Brickability ,BRCK,	98.50	593,935	-1.50%	98.00	98.50	42
BlueRock Diamonds ,BRD,	29.50	0	-7.81%	29.50	29.50	0
Breedon ,BREE,	90.90	7,704,220	-1.20%	90.10	92.10	400
Braveheart Inv ,BRH,	24.75	1,192,961	-1.98%	25.00	25.00	72
Brooks ,BRK,	2,620.00	3,360	-0.19%	2,620.00	2,650.00	20
Brndshld Sys ,BRSD,	16.75	69,074	0.00%	16.75	16.75	4
Burford Capital ,BUR,	736.00	536,833	-0.74%	730.50	744.50	693
Bivictrix Thera ,BVX,	33.50	1,314,602	6.35%	31.50	33.50	8
Bioventix ,BVXP,	3,200.00	4,416	-1.54%	3,200.00	3,200.00	17
Brown Group ,BWNG,	40.60	530,299	-0.98%	40.02	42.04	149
Byotrol ,BYOT,	4.55	75,177	1.11%	4.50	4.55	9
Bezant Res ,BZT,	0.15	25,276,098	3.45%	0.145	0.15	44
C4x Discry Hdgs ,C4XD,	44.00	10,204	-1.12%	44.00	44.00	5
Cloudcall Grp ,CALL,	79.50	844	0.00%	79.50	79.50	1
Camellia ,CAM,	6,900.00	684	2.22%	6,800.00	6,900.00	9
Central Asia ,CAML,	235.00	371,106	-1.05%	234.50	240.00	382
Caspian Sunrise ,CASP,	4.325	1,731,706	-1.70%	4.325	4.40	11
Cake Box Holdi. ,CBOX,	357.00	148,625	2.00%	352.00	357.00	18
Curtis Bks ,CBP,	266.00	20,075	1.14%	0.00	0.00	10
Crossword Cybersecurity ,CCS,	36.00	10	0.00%	36.00	36.00	1
Character ,CCT,	620.00	789	-1.20%	620.00	620.00	4
Challenger En ,CEG,	0.625	465,542	0.00%	0.625	0.625	12
Cerillion ,CER,	915.00	15,545	0.00%	900.00	900.00	20
Chaarat Gold ,CGH,	19.00	10,050	-1.71%	19.00	19.00	2
Conroy Gld&nres ,CGNR,	28.50	109,432	0.00%	28.50	28.50	11
Chariot Ltd ,CHAR,	12.00	30,816,230	10.85%	10.80	12.70	690
Churchill China ,CHH,	1,697.50	1,690	-0.73%	1,697.50	1,710.00	4
Cohort ,CHRT,	516.00	9,349	0.40%	516.00	518.00	16
Conygar Inv ,CIC,	168.00	7,966	0.60%	167.00	168.00	4
Cip Merchant ,CIP,	51.00	56,857	-2.86%	51.00	51.00	4
Circassia ,CIR,	44.30	3,735,181	-3.80%	44.30	48.55	182
Checkit ,CKT,	51.50	29,187	0.00%	51.50	51.50	5
Cloudcoco ,CLCO,	1.70	252,714	0.00%	1.70	1.70	7
Clinigen ,CLIN,	909.00	2,303,980	-0.66%	904.00	915.00	557
Clontarf ,CLON,	0.245	10,569,918	4.26%	0.235	0.245	14
Calnex Solutio. ,CLX,	120.00	62,198	-0.83%	120.00	121.00	19
Cambria Africa ,CMB,	0.28	40,000	0.00%	0.28	0.28	1
Caledonia Min ,CMCL,	925.00	5,544	1.09%	915.00	925.00	5
Capital Metals ,CMET,	9.50	69,213	-1.04%	9.50	9.60	5
Chamberlin & Hill ,CMH,	7.75	312,897	0.00%	7.55	7.75	5
CML Microcircuits ,CML,	420.00	2,094	2.44%	420.00	420.00	3
Cmo Group ,CMO,	167.50	2,217	-1.47%	167.50	170.00	2
Concurrent Technologies ,CNC,	88.00	93,038	0.57%	87.50	89.00	17
China Nonferr ,CNG,	8.10	342	0.88%	8.10	8.10	3
Centralnic ,CNIC,	133.00	211,789	0.38%	129.00	137.00	96
Cenkos Sec ,CNKS,	81.00	83,480	-0.61%	81.00	81.50	4
Condor Gold ,CNR,	33.00	231,758	4.76%	31.50	33.50	23
Corero Network ,CNS,	11.35	321,415	0.00%	11.35	11.35	4
Northcoders Grp ,CODE,	247.00	0	0.00%	247.00	247.00	0
Cambridge Cog ,COG,	130.00	4,927	-1.89%	130.00	132.50	6
Comptoir Grp ,COM,	5.18	25,000	0.00%	5.18	5.18	1
Cora Gold ,CORA,	8.85	217,785	-2.75%	8.75	9.10	9
Coro Energy ,CORO,	0.285	2,516,090	-8.06%	0.285	0.31	14
City Pub Group. ,CPC,	108.00	113,031	0.00%	106.00	108.00	71
Cppgroup ,CPP,	365.00	2,000	-0.27%	0.00	0.00	1
Cap-xx ,CPX,	5.90	305,580	-0.84%	5.90	5.95	8
Circle Prop ,CRC,	208.00	0	0.00%	208.00	208.00	0
Corcel ,CRCL,	1.80	10,924,139	12.50%	1.56	1.80	122
Cordel Group ,CRDL,	13.00	53,961	0.00%	13.00	13.00	7
Creo Medical ,CREO,	136.50	32,256	-0.73%	136.50	137.50	10
Cropper ,J, ,CRPR,	1,400.00	2,986	3.70%	1,350.00	1,425.00	5
Crystal Amber ,CRS,	109.50	78,878	-6.81%	108.50	110.00	26
Coral Products ,CRU,	16.25	1,733,319	8.33%	15.00	16.75	17
Craven House Capital ,CRV,	0.25	0	0.00%	0.25	0.25	0
Craneware ,CRW,	2,380.00	127,361	-0.83%	2,380.00	2,380.00	42
Cornerstone Fs ,CSFS,	33.00	43,086	8.20%	30.50	33.00	10
Croma Security ,CSSG,	91.50	0	0.00%	91.50	91.50	0
Catenae In Plc ,CTEA,	0.60	215,047	4.35%	0.575	0.60	7
Christie ,CTG,	102.00	0	0.00%	102.00	102.00	0
Caretech Hldg ,CTH,	555.00	440,985	-1.94%	553.00	567.00	260
Cornish Metals. ,CUSN,	25.00	702,573	3.09%	25.00	25.00	96
Cvs Group ,CVSG,	2,000.00	491,866	-2.44%	1,990.00	2,055.00	836
Ceres Power ,CWR,	826.00	594,013	-2.25%	813.00	852.50	1,843
Cyanconnode ,CYAN,	20.50	627,944	-1.20%	19.50	20.50	35
D4t4 Solutions ,D4T4,	325.00	20,214	-2.26%	325.00	325.00	10
GlobalData ,DATA,	1,375.00	2,361,080	-2.83%	1,375.00	1,375.00	14
Digitalbox ,DBOX,	11.25	64,853	0.00%	11.25	11.25	3
Dolphin Capital ,DCI,	4.10	50,000	0.00%	4.04	4.04	1
Directa Plus ,DCTA,	154.50	21,105	1.98%	151.50	154.50	15
4d Pharma Plc ,DDDD,	43.50	2,412,825	-5.54%	42.95	45.95	595
Deltic Energy ,DELT,	2.35	4,192,228	6.82%	2.20	2.35	34
Deltex Medical ,DEMG,	1.25	568,361	0.00%	1.25	1.25	5
Destiny Pharma. ,DEST,	106.00	5,000	0.00%	106.00	106.00	1
Distil ,DIS,	1.80	421,579	-5.26%	1.80	1.90	4
Dekel Agri ,DKL,	5.15	207,090	0.00%	5.15	5.15	8
Deepmatter ,DMTR,	0.30	5,689,491	0.00%	0.30	0.30	19
Diurnal Grp ,DNL,	66.00	34,333	-0.75%	66.00	66.50	4
Dianomi ,DNM,	422.00	1,922	0.00%	422.00	422.00	2
Dotdigital ,DOTD,	173.00	332,349	0.00%	170.20	173.20	224
Dp Poland ,DPP,	6.55	281,625	0.00%	6.30	6.55	3
Drumz ,DRUM,	0.55	1,450,000	0.00%	0.55	0.55	2
Driver Grp ,DRV,	49.00	44,352	0.00%	49.00	49.50	5
Dillistone ,DSG,	21.00	0	0.00%	21.00	21.00	0
Duke Royalty ,DUKE,	41.25	1,739,131	0.61%	41.00	41.25	40
Deepverge ,DVRG,	22.50	255,031	-1.10%	23.00	23.00	37
Dewhurst A ,DWHA,	725.00	0	0.00%	725.00	725.00	0
Dewhurst ,DWHT,	1,760.00	1,656	1.15%	1,740.00	1,760.00	5
Dx Plc ,DX.,	30.00	0	0.00%	0.00	0.00	0
Diaceutics ,DXRX,	115.00	850	0.00%	115.00	115.00	2
Eenergy Group ,EAAS,	15.10	373,657	-5.63%	15.10	15.10	36
Eco Animal ,EAH,	197.50	206,486	12.86%	170.00	197.50	94
Ebiquity ,EBQ,	56.75	6,232	0.00%	56.75	56.75	5
Echo Energy ,ECHO,	0.54	1,108,523	3.45%	0.54	0.54	12
Eckoh Technologies ,ECK,	50.50	5,054,183	0.00%	50.00	50.00	12
Eco ,Atlantic, ,ECO,	28.00	2,839,502	3.70%	28.00	28.00	41
ECR Minerals ,ECR,	1.35	1,216,435	0.00%	1.35	1.35	15
Ecsc Group ,ECSC,	73.00	0	0.00%	73.00	73.00	0
Eden ,EDEN,	7.25	7,000	0.00%	7.25	7.25	1
Edenville ,EDL,	25.25	2,000	0.00%	25.25	25.25	1
Egdon Resources ,EDR,	1.625	1,395,322	6.56%	1.55	1.625	10
Empire Metals ,EEE,	1.275	784,895	0.00%	1.275	1.275	8
Ekf Diagnostics ,EKF,	73.40	284,584	-3.93%	73.40	75.00	85
Elecosoft ,ELCO,	103.50	58,087	-5.48%	103.50	110.00	17
Elixirr Int. ,ELIX,	745.00	416	0.68%	745.00	745.00	3
Everyman Media ,EMAN,	135.50	3,256	0.37%	135.00	135.50	6
Empyrean ,EME,	6.10	830,801	0.83%	6.05	6.20	21
European Metals Holdings ,EMH,	69.50	59,904	0.00%	70.00	70.00	19
Emis ,EMIS,	1,232.00	223,314	-2.38%	1,232.00	1,266.00	329
Emmerson ,EML,	6.80	3,016,588	-0.73%	6.65	6.90	40
Empresaria Group ,EMR,	82.00	123,262	0.00%	82.00	82.00	5
Ethernity Net ,ENET,	40.00	328,575	-4.76%	40.00	41.00	24
Enwell Energy ,ENW,	37.50	360,335	6.23%	36.00	41.00	50
Europa Oil&gas ,EOG,	1.40	142,570	0.00%	1.40	1.40	3
Epwin Grp ,EPWN,	108.25	37,830	1.41%	0.00	0.00	6
Equals Gp ,EQLS,	74.00	3,200,180	2.07%	74.00	74.00	134
Eqtec ,EQT,	1.27	10,433,697	1.60%	1.27	1.35	64
Ergomed ,ERGO,	1,300.00	25,194	-1.52%	1,280.00	1,320.00	138
Epe Special Opp ,ESO,	344.00	3,884	-1.15%	342.00	346.00	5
Essensys ,ESYS,	260.00	7,505	0.00%	260.00	260.00	3
E-therapeutics ,ETX,	40.90	128,986	-0.13%	40.00	40.90	17
Eurasia Mining ,EUA,	25.00	6,231,903	0.00%	23.50	25.00	403
Europa Metals ,EUZ,	4.625	56,986	0.00%	4.625	4.625	3
Eve Sleep ,EVE,	3.45	533,992	2.99%	3.26	3.45	25
Evgen Pharma ,EVG,	5.25	192,052	-1.87%	5.25	5.35	9
Engage Xr ,EXR,	16.00	144,258	-1.54%	16.00	16.25	9
Eagle Eye ,EYE,	605.00	18,145	-2.81%	602.50	622.50	15
Fireangel ,FA.,	17.00	72,537	0.00%	17.00	17.00	6
Fusion Antibody ,FAB,	107.50	6,910	-2.27%	107.50	110.00	6
Faron Pharma ,FARN,	277.50	50,589	0.00%	270.00	277.50	15
Finncap Group ,FCAP,	33.70	45,830	0.00%	33.70	33.70	1
Fulcrum Utility ,FCRM,	13.125	307,995	1.94%	12.875	13.25	17
Feedback ,FDBK,	0.815	3,459,087	-2.98%	0.815	0.84	7
Frontier Dev ,FDEV,	1,350.00	245,565	1.96%	1,308.00	1,396.00	1,955
First Derivatives ,FDP,	1,800.00	151,816	-1.75%	1,800.00	1,910.00	970
Frenkel Topping ,FEN,	79.00	19,371	0.00%	79.00	79.00	3
Fevertree Drk ,FEVR,	2,597.00	259,328	-1.67%	2,595.00	2,661.00	1,330
Finsbury Food ,FIF,	98.00	248,275	-1.01%	98.00	99.00	34
Fih Group ,FIH,	230.00	20	0.00%	230.00	230.00	1
Frontier Ip ,FIPP,	98.50	65,895	0.00%	98.00	98.00	8
Flowtech Fluid. ,FLO,	137.50	29,227	1.46%	137.50	137.50	7
Filta Group ,FLTA,	143.50	529	0.00%	143.50	143.50	1
Falanx Group ,FLX,	1.05	239,551	0.00%	1.05	1.05	5
Fintel ,FNTL,	232.00	5,925	-0.85%	232.00	232.00	8
Fonix Mob. ,FNX,	156.50	48,759	0.00%	156.50	156.50	15
Falcon Oil ,FOG,	9.55	4,449,092	0.53%	9.20	9.55	79
Fox Marble Holdings ,FOX,	1.405	200,354	0.00%	1.405	1.405	2
First Property ,FPO,	33.00	83,421	0.00%	33.00	33.00	8
Franchise Brand ,FRAN,	161.50	27,044	0.00%	161.50	161.50	6
Fairpoint Group ,FRP,	131.75	16,805	0.19%	131.50	131.75	13
Filtronic ,FTC,	11.50	34,803	0.00%	11.50	11.50	2
Fulham Shore ,FUL,	17.50	220,284	-1.41%	17.50	18.00	18
Futura Medical ,FUM,	34.00	471,814	-5.00%	33.80	37.40	72
Forward Part ,FWD,	105.00	8,178	-0.94%	105.00	105.00	7
Gear4music ,G4M,	690.00	5,354	0.44%	674.00	690.00	14
Galantas Gold ,GAL,	32.00	24,985	0.00%	32.00	32.00	3
Gamma Coms ,GAMA,	1,624.00	185,455	2.14%	1,590.00	1,640.00	466
Gattaca ,GATC,	148.00	118,393	6.86%	148.00	148.00	48
Gb Group ,GBG,	677.00	254,306	-1.74%	675.50	691.00	699
Global Petroleum ,GBP,	0.585	20,533,367	0.00%	0.57	0.61	60
GCM Resources ,GCM,	4.25	10,189	-8.60%	4.25	4.65	3
Goldplat ,GDP,	7.10	971,976	-2.07%	7.10	7.10	22
Genedrive ,GDR,	29.75	6,571,061	8.18%	27.00	31.75	496
Genincode ,GENI,	33.00	27,993	0.00%	33.00	33.00	4
Getbusy ,GETB,	69.50	10,245	-0.71%	69.50	69.50	4
Gfinity ,GFIN,	3.80	2,427,193	0.00%	3.725	3.80	34
Griffin Mining ,GFM,	89.00	70,532	0.55%	89.00	89.00	7
Greatland ,GGP,	13.80	10,178,252	-0.72%	13.80	13.80	381
Gresham House ,GHE,	893.00	776	0.00%	893.00	893.00	8
Gooch & Housego ,GHH,	1,175.00	11,874	0.86%	1,160.00	1,175.00	30
Glantus Hld ,GLAN,	86.50	495,006	3.59%	83.50	87.00	8
Galileo Resourc ,GLR,	1.05	5,449,822	10.53%	0.95	1.10	27
Gama Aviation ,GMAA,	47.50	60	0.00%	47.50	47.50	1
Gaming Realms ,GMR,	35.00	1,206,086	4.48%	32.60	35.50	80
Good Enrg ,GOOD,	245.00	12,588	-1.01%	245.00	247.50	15
Grc Intl ,GRC,	42.00	24,453	-1.18%	42.00	42.50	2
Goldstone Resources ,GRL,	9.75	973,348	1.56%	9.75	9.85	28
Greenroc Minin. ,GROC,	6.10	0	0.00%	6.10	6.10	0
Greencoat Rene. ,GRP,	1.11	95,853	-0.44%	1.11	1.125	27
Getech Grp ,GTC,	32.20	74,830	-4.45%	32.20	33.70	15
Gateley Hldgs ,GTLY,	223.00	29,833	-3.04%	223.00	227.50	33
Gunsynd ,GUN,	0.825	1,037,291	0.00%	0.825	0.825	4
Great Western ,GWMO,	0.13	7,274,801	4.00%	0.125	0.13	20
Global Yachting Group ,GYG,	42.50	4,277	0.00%	42.50	42.50	3
Harland&wolff ,HARL,	17.25	294,104	-0.72%	17.125	17.375	11
H&t Group Plc ,HAT,	286.00	9,943	-0.35%	285.00	300.00	16
Haydale ,HAYD,	5.90	447,531	0.00%	5.90	5.90	23
Hutchmed ,HCM,	466.00	88,820	-4.61%	463.50	495.00	220
Hardide ,HDD,	30.00	19,026	-3.23%	30.00	31.00	3
Holders Tech. ,HDT,	121.50	12,847	4.74%	116.00	121.50	9
Helium One. ,HE1,	9.10	36,735,344	28.17%	7.65	9.10	1,200
Harvest Mi ,Di, ,HMI,	5.75	639,999	-2.54%	5.50	5.75	23
Hotel Choc ,HOTC,	508.00	26,236	0.20%	508.00	508.00	45
Hornby ,HRN,	54.00	57,591	-1.82%	52.50	54.00	25
Hargreaves Serv ,HSP,	408.00	21,595	2.32%	406.00	408.00	16
Hss Hire ,HSS,	16.70	113,794,468	4.38%	15.20	17.50	277
Hummingbird ,HUM,	13.95	115,285	0.00%	13.95	13.95	10
Hurricane Energ ,HUR,	3.948	3,478,048	1.95%	3.868	3.948	65
Helios Underw ,HUW,	177.50	5,000	0.00%	177.50	177.50	1
Horizonte Min. ,HZM,	6.525	13,134,570	1.95%	6.30	6.55	68
I3 Energy ,I3E,	13.20	2,143,997	-0.38%	12.95	13.25	92
Ienergizer ,IBPO,	326.00	29,430	0.62%	326.00	326.00	21
Ide Hldgs ,IDE,	1.25	131,337	0.00%	1.25	1.25	6
Ideagen ,IDEA,	253.00	166,552	-3.07%	250.00	253.00	52
Idox Group ,IDOX,	67.40	131,824	-0.88%	67.40	70.80	34
Invinity Energy ,IES,	93.00	48,909	-0.53%	93.00	93.00	12
Igas Energy ,IGAS,	13.70	421,572	-3.20%	13.50	13.80	19
Image Scan Holdings ,IGE,	3.00	32,198	-3.23%	3.00	3.10	5
Intercede ,IGP,	75.00	11,850	-1.32%	75.00	76.00	4
Design Group ,IGR,	264.00	48,840	-0.38%	264.00	265.00	30
Inspiration Hlt ,IHC,	118.00	60,110	0.00%	118.00	118.00	6
Infra.india ,IIP,	0.80	121,149	18.52%	0.60	0.80	3
Ilika Plc ,IKA,	170.50	112,057	-3.13%	170.50	180.00	55
Immedia Group ,IME,	16.25	0	0.00%	16.25	16.25	0
Immupharma ,IMM,	7.02	104,209	-9.38%	7.02	7.02	5
Immotion Group. ,IMMO,	6.80	447,043	0.00%	6.80	6.80	12
Ince Group ,INCE,	39.00	120,633	1.30%	38.50	39.00	15
Ingenta ,ING,	83.50	9	0.00%	83.50	83.50	2
Induction Heal. ,INHC,	58.50	5,102	0.00%	58.50	58.50	2
Inland ,INL,	55.00	148,608	0.00%	54.50	55.00	19
Instem ,INS,	885.00	8,738	-0.56%	885.00	890.00	13
Inspired ,INSE,	19.50	343,283	3.45%	18.20	19.50	10
Insig Ai Plc ,INSG,	42.50	111,868	-2.30%	41.50	43.50	17
Inspirit Energy ,INSP,	0.043	1,709,964	0.00%	0.043	0.043	5
I-nexus Global. ,INX,	5.50	0	0.00%	5.50	5.50	0
Iofina ,IOF,	18.80	915,968	0.94%	18.80	18.80	38
Iog ,IOG,	36.50	332,949	-1.08%	37.00	37.00	30
Iomart ,IOM,	172.60	79,601	2.37%	168.60	172.60	127
Impellam ,IPEL,	517.50	1,928	0.00%	517.50	517.50	2
Impax Asset Man ,IPX,	1,230.00	390,440	-2.23%	1,216.00	1,262.00	584
IQE ,IQE,	33.30	1,978,852	-1.91%	32.90	34.40	340
Iqgeo ,IQG,	131.00	13,311	0.00%	131.00	131.00	4
Ironveld ,IRON,	0.855	2,242,511	1.18%	0.845	0.855	16
Itim Grou ,ITIM,	109.00	192	2.83%	109.00	109.00	2
Itm Power ,ITM,	356.60	1,141,076	-0.50%	352.60	363.20	1,601
In The Style G. ,ITS,	93.50	11,931	0.00%	93.50	93.50	3
Itaconix Plc ,ITX,	5.55	373,458	0.00%	5.55	5.55	12
Intelligent Ult ,IUG,	14.85	145,576	1.71%	14.60	15.25	14
Ixico ,IXI,	60.00	51,727	0.00%	59.00	60.00	9
Jangada Mines ,JAN,	6.30	486,495	-0.79%	6.30	6.55	14
Bluejay Min ,JAY,	8.79	4,353,253	-1.24%	8.47	9.13	100
Judges Scientfc ,JDG,	8,560.00	8,434	0.12%	8,560.00	8,560.00	39
Jet2 Plc ,JET2,	1,273.00	760,234	1.92%	1,224.00	1,273.50	1,597
James Halstead ,JHD,	578.00	55,766	-0.34%	574.00	588.00	88
Jarvis Securities ,JIM,	279.00	24,211	0.00%	277.50	279.00	7
John Lewis ,JLH,	1.825	427,653	-2.67%	1.825	1.875	4
Jubilee Metals ,JLP,	15.80	3,318,872	1.67%	15.78	15.80	62
Journeo ,JNEO,	110.00	0	0.00%	110.00	110.00	0
Jersey Oil&gas ,JOG,	133.50	34,769	-1.84%	133.50	133.50	12
Joules Grp ,JOUL,	131.00	62,200	-2.24%	128.50	134.50	63
Jadestone Energy ,JSE,	91.00	730,812	0.66%	89.00	91.00	33
Johnson Service ,JSG,	144.20	1,586,741	2.71%	139.00	144.20	365
Jaywing ,JWNG,	11.25	0	0.00%	11.25	11.25	0
K3 Capital Gro. ,K3C,	337.50	8,713	-1.46%	350.00	350.00	18
Kape Tech. ,KAPE,	405.00	105,340	-1.22%	405.00	408.50	60
Katoro Gold ,KAT,	0.625	106,339	0.00%	0.625	0.625	2
K3 Business Technology Group ,KBT,	164.00	3,718	-1.80%	164.00	167.00	2
Cadence Mineral ,KDNC,	30.00	361,400	-1.64%	29.50	30.50	43
Karelian ,KDR,	3.10	253,395	3.33%	3.00	3.10	9
Kefi Gold ,KEFI,	0.72	10,974,207	0.00%	0.711	0.72	40
Strix Group ,KETL,	293.50	503,731	-0.17%	287.50	296.00	276
Keystone Law G. ,KEYS,	840.00	4,126	0.00%	830.00	840.00	9
Knights Group . ,KGH,	420.00	12,833	2.94%	414.00	429.00	20
Kibo Energy ,KIBO,	0.165	2,186,146	0.00%	0.16	0.16	9
Kinovo Plc ,KINO,	46.00	29,743	0.00%	46.00	46.00	4
Kistos Plc ,KIST,	411.50	220,304	-0.60%	407.50	414.00	101
Kitwave ,KITW,	146.75	27,654	0.51%	0.00	0.00	6
Kromek ,KMK,	15.375	240,615	0.00%	15.375	15.375	16
Kodal Minerals ,KOD,	0.305	180,615,153	-3.17%	0.293	0.31	380
Kooth Plc ,KOO,	326.00	3,250	0.00%	326.00	326.00	1
Kore Potash ,KP2,	1.00	327,536	0.00%	1.00	1.00	5
Krm22 Plc ,KRM,	47.50	0	0.00%	47.50	47.50	0
Keras Res ,KRS,	0.055	4,530,241	0.00%	0.055	0.055	23
Kingswood H. ,KWG,	24.50	0	0.00%	24.00	24.50	0
Keywords Studio ,KWS,	2,720.00	155,917	1.49%	2,660.00	2,732.00	1,622
Kazera Global ,KZG,	1.45	1,213,127	7.41%	1.35	1.45	8
Longboat Energy ,LBE,	65.50	91,392	-0.76%	65.50	67.00	8
Logistics Dev ,LDG,	13.05	295,192	1.16%	12.90	13.05	16
Leeds Group ,LDSG,	20.50	0	0.00%	20.50	20.50	0
Lekoil ,LEK,	0.95	0	0.00%	0.00	0.00	0
Sancus Lend ,LEND,	2.30	57,057	0.00%	2.30	2.30	1
Lexington Gold ,LEX,	3.40	2,384,868	21.43%	2.85	3.40	26
Loungers Plc ,LGRS,	284.00	6,983	0.00%	280.00	284.00	8
Likewise Grp ,LIKE,	42.00	465,193	-2.33%	40.50	43.00	26
Lendinvest ,LINV,	217.00	742	0.00%	217.00	217.00	4
Litigation Cap. ,LIT,	96.00	53,499	0.00%	95.20	98.40	27
Landore ,LND,	24.75	560,703	-0.40%	24.50	25.25	39
Lansdowne Oil ,LOGP,	0.50	164,250	0.00%	0.50	0.50	2
Lok N Store ,LOK,	1,070.00	14,847	0.23%	1,060.00	1,070.00	23
Loopup Group ,LOOP,	19.50	117,442	0.00%	19.50	19.50	15
Lords Grp Tr ,LORD,	111.50	31,751	0.00%	111.50	111.50	9
Lpa ,LPA,	68.00	2,361	0.00%	68.00	68.00	2
Location Scienc ,LSAI,	0.425	2,893,795	-10.53%	0.425	0.463	16
Light Science ,LST,	18.25	330,797	-7.59%	18.25	19.75	21
Learning Technologies Group ,LTG,	159.10	793,054	-2.09%	159.00	165.70	513
Latham Timber ,LTHM,	1,305.00	11,537	0.00%	1,305.00	1,305.00	10
Live Company ,LVCG,	3.10	267,960	-1.59%	2.80	3.10	9
Mortgage Ad ,MAB1,	1,420.00	319,037	-1.22%	1,395.00	1,420.00	38
Marechale Cap. ,MAC,	3.05	3,523,691	0.00%	2.85	3.05	38
Mineral & Fin ,MAFL,	10.75	52,500	0.00%	10.75	10.75	2
Maintel ,MAI,	385.00	0	0.00%	385.00	385.00	0
Manolete Partn. ,MANO,	270.00	17,069	0.93%	268.00	272.50	14
Petro Matad ,MATD,	3.65	15,716,355	1.11%	3.65	3.925	210
Michelmersh Brick Holdings ,MBH,	130.00	45,587	-0.38%	130.00	130.50	12
Mobilityone ,MBO,	10.25	153,223	-2.38%	10.25	10.50	11
Mobile Tornado ,MBT,	1.55	0	0.00%	1.55	1.55	0
Morses Club ,MCL,	56.00	423,777	-0.34%	56.00	58.60	35
Mc Mining ,MCM,	4.75	111,178	0.00%	4.75	4.75	1
Mediazest ,MDZ,	0.10	1,138,036	0.00%	0.10	0.10	5
Parsley Box ,MEAL,	33.50	47,862	8.06%	31.00	33.50	3
Mercia Asset ,MERC,	41.50	3,409,587	-0.60%	41.50	42.50	19
Tortilla Mexic ,MEX,	186.00	620	-0.80%	186.00	187.50	8
Manx Financial ,MFX,	7.875	0	0.00%	7.875	7.875	0
Mhc Plc ,MHC,	2.20	657,895	2.33%	2.15	2.20	11
Midwich Grp ,MIDW,	622.00	3,133	0.65%	614.00	622.00	9
Minoan ,MIN,	1.20	1,083,573	0.00%	1.20	1.20	10
Mind Gym Plc ,MIND,	150.00	12,370	0.00%	150.00	150.00	3
Mirriad Advert. ,MIRI,	26.00	87,116	-1.89%	26.00	26.50	17
Mj Hudson Grp ,MJH,	38.50	627,470	-1.28%	38.20	39.00	53
Mkango Res ,MKA,	29.50	281,554	1.72%	29.00	29.50	21
Malvern Int Plc ,MLVN,	0.165	0	0.00%	0.165	0.165	0
Musicmagpie ,MMAG,	166.50	1,757	0.00%	163.00	166.50	4
Marshall Motor ,MMH,	397.00	43,500	-0.75%	396.00	397.00	30
Minds+mach ,MMX,	8.25	10,289	0.00%	8.25	8.25	2
Mobile Streams ,MOS,	0.495	332,703,079	15.12%	0.43	0.55	486
Mpac Group Plc ,MPAC,	520.00	5,180	0.00%	520.00	520.00	12
M.p. Evans ,MPE,	820.00	2,888	0.74%	812.00	820.00	8
Mercantile Ports & Logistics ,MPL,	23.50	89,563	-12.15%	23.50	25.00	26
Marlowe ,MRL,	1,025.00	10,577	-0.73%	1,020.00	1,032.50	23
Ms Intl. ,MSI,	228.00	5,853	0.00%	228.00	228.00	8
Mosman Oil Gas ,MSMN,	0.08	9,017,101	10.34%	0.075	0.08	24
Microsaic ,MSYS,	0.155	16,127,068	0.00%	0.155	0.158	30
Mothercare ,MTC,	18.50	110,054	-0.65%	18.50	18.50	8
Made Tech ,MTEC,	119.00	47,702	0.00%	119.00	119.00	16
Metals Exploration ,MTL,	1.45	333	0.00%	1.45	1.45	1
Midatech Pharma ,MTPH,	18.00	20,050	-2.70%	18.00	18.50	3
Metal Tiger ,MTR,	20.00	103,188	1.27%	19.75	20.00	12
Mattioli ,MTW,	820.00	20,872	-1.20%	815.00	830.00	17
Mulberry Group ,MUL,	305.00	3,560	0.00%	305.00	305.00	4
Mti Wireless ,MWE,	73.50	7,043	-0.68%	73.50	73.50	2
Maxcyte Di, ,MXCT,	575.00	86,282	-3.85%	565.00	600.00	71
Mysale Group ,MYSL,	5.95	115	0.00%	5.90	5.95	2
Mycelx Di ,MYX,	71.50	170,243	-1.38%	71.50	72.50	7
N4 Pharma Plc ,N4P,	3.80	1,033,376	-2.56%	3.80	3.90	16
Nahl Group ,NAH,	49.00	54,585	-0.72%	49.00	49.00	6
Napster Group ,NAPS,	0.59	8,059,712	2.61%	0.59	0.59	76
Northamber ,NAR,	61.50	0	0.00%	61.50	61.50	1
Norman Broadb ,NBB,	6.80	0	0.00%	6.80	6.80	0
Northbridge Ind ,NBI,	171.00	78,895	-1.72%	169.00	174.00	19
Ncondezi Enrg ,NCCL,	0.85	693,177	0.00%	0.85	0.85	2
Novacyt ,NCYT,	307.70	188,320	-0.71%	301.50	311.80	212
Netcall ,NET,	69.00	39,678	0.00%	69.00	69.00	4
Nexus Infrastr. ,NEXS,	225.00	2,436	0.00%	225.00	225.00	4
Next Fifteen ,NFC,	1,165.00	193,121	-2.51%	1,150.00	1,200.00	186
Nichols ,NICL,	1,455.00	19,171	-3.80%	1,455.00	1,495.00	87
Nanosynth Group ,NNN,	0.99	37,900,631	-10.00%	0.95	1.05	180
Northern Bear ,NTBR,	60.50	75,240	-3.97%	60.50	61.50	6
Nostra Terra ,NTOG,	0.365	2,767,412	7.35%	0.34	0.365	6
Enteq Tech ,NTQ,	14.50	126	0.00%	14.50	14.50	1
Numis ,NUM,	340.00	29,515	0.00%	335.00	343.00	59
Nwf ,NWF,	218.00	40,063	0.00%	214.00	220.00	10
Newmark Security ,NWT,	41.50	0	0.00%	41.50	41.50	0
On-line Block ,OBC,	42.00	78,883	9.09%	38.50	42.50	35
Oxford Biodyn ,OBD,	37.00	152,866	-0.92%	37.00	38.00	12
Omega Dia ,ODX,	18.50	5,395,727	4.23%	17.25	18.75	272
Oilex ,OEX,	0.165	43,493,157	-2.94%	0.165	0.17	27
Oxford Metrics ,OMG,	117.50	215,589	-0.84%	117.50	118.50	21
Orosur Mining ,OMI,	13.50	1,643,620	-3.57%	13.25	14.25	54
One Media ,OMIP,	7.125	243,426	-0.35%	6.80	7.125	5
Oncimmune ,ONC,	169.00	5,960	-0.58%	169.00	169.00	3
Opg Power ,OPG,	11.25	163,161	-2.17%	10.925	11.25	19
Origo ,OPP,	0.125	0	0.00%	0.125	0.125	0
OptiBiotix Health ,OPTI,	43.50	63,072	0.00%	43.50	43.50	11
Orcadian Engy ,ORCA,	36.00	0	0.00%	36.00	36.00	0
Orchard Funding ,ORCH,	49.50	206	0.00%	49.50	49.50	2
Oracle Power ,ORCP,	0.368	35,752,862	-4.42%	0.368	0.368	47
Ormonde Mining ,ORM,	1.05	1,105,854	0.00%	1.05	1.05	4
Open Orphan ,ORPH,	19.875	1,146,496	-1.85%	19.75	20.25	88
Oriole ,ORR,	0.395	6,956,203	-3.66%	0.395	0.41	17
Osirium Tech ,OSI,	14.50	33,006	0.00%	14.50	14.50	4
Onthemarket ,OTMP,	118.50	7,096	0.00%	118.50	118.50	2
Ovoca Bio ,OVB,	12.50	43,435	0.00%	12.50	12.50	1
Pan African ,PAF,	18.60	4,029,034	0.43%	18.40	18.70	338
Pantheon Res ,PANR,	77.00	3,199,042	-1.16%	76.10	78.60	708
Panthera Res. ,PAT,	11.75	18,459	0.00%	11.75	11.75	3
PCF Bank ,PCF,	24.00	0	0.00%	0.00	0.00	0
Pci-pal ,PCIP,	58.00	59,096	-0.85%	58.00	58.50	8
Pebble Beach ,PEB,	12.25	40,801	0.00%	12.25	12.25	3
The Pebble Gro. ,PEBB,	120.00	69,134	-2.04%	116.50	122.50	11
Peel Hunt ,PEEL,	199.50	56,815	-0.50%	199.50	200.50	13
Petards ,PEG,	11.50	193	0.00%	11.50	11.50	2
Pennant International ,PEN,	33.70	2,554	0.60%	33.50	33.70	2
Petrel Resources ,PET,	1.65	0	0.00%	1.65	1.65	0
Pathfinder Minerals ,PFP,	0.575	14,911	0.00%	0.575	0.575	3
Personal Group ,PGH,	325.00	8,228	0.00%	325.00	325.00	3
Plant Health ,PHC,	10.10	613,643	4.66%	0.00	0.00	9
Powerhouse Ener ,PHE,	4.15	8,668,546	0.00%	4.15	4.30	180
PHSC ,PHSC,	18.50	0	0.00%	18.50	18.50	0
Brighton Pier ,PIER,	73.50	7,820	1.38%	72.50	73.50	7
PipeHawk ,PIP,	24.50	855,812	24.37%	20.50	26.00	60
Pires Inv ,PIRI,	7.60	1,220,075	4.11%	7.30	7.60	20
Parkmead ,PMG,	40.20	20,312	0.00%	40.20	40.20	4
Premier Miton ,PMI,	188.50	35,699	-3.58%	188.50	192.50	22
Portmeirion ,PMP,	705.00	19,244	0.71%	700.00	705.00	21
Poolbeg Pharma ,POLB,	8.75	305,346	4.79%	8.25	8.75	17
Polar C. Hldgs ,POLR,	679.00	438,026	-3.00%	674.00	697.00	886
Polarean Imag. ,POLX,	58.00	237,406	0.00%	58.00	58.00	33
Plexus ,POS,	8.75	17,917,951	-2.78%	8.30	9.50	149
Power Metal ,POW,	1.575	3,229,138	-1.56%	1.60	1.60	26
President Enrgy ,PPC,	1.825	2,526,844	4.29%	1.70	1.90	22
Proton Mtr Pwr ,PPS,	18.50	198,826	2.78%	17.50	18.50	32
Premier African Minerals ,PREM,	0.179	71,234,133	-1.10%	0.179	0.18	234
Pressure Tech ,PRES,	76.00	8,673	2.01%	76.00	76.00	3
Primorus Inv. ,PRIM,	3.40	63,454	0.00%	3.40	3.40	2
Proteome ,PRM,	5.025	253,446	6.91%	0.00	0.00	5
Prime People ,PRP,	78.50	3,700	0.64%	78.00	78.50	3
Blue Prism ,PRSM,	1,263.00	549,730	0.00%	1,263.00	1,265.00	253
Petrotal Corpo. ,PTAL,	25.50	4,890,702	2.00%	24.50	25.50	12
Pittards ,PTD,	59.50	0	0.00%	59.50	59.50	0
Petroneft ,PTR,	3.60	496,109	0.00%	3.60	3.60	6
Pelatro Plc ,PTRO,	35.00	16,358	1.45%	34.50	35.00	3
Parity ,PTY,	6.75	8,000	0.00%	6.75	6.75	1
Purplebricks ,PURP,	23.90	1,616,316	0.53%	23.25	23.95	88
Providence Res. ,PVR,	2.65	1,801,435	0.00%	2.65	2.65	3
Phoenix Copper. ,PXC,	46.50	213,146	-2.11%	46.50	48.00	46
Prospex Eng ,PXEN,	3.95	69,487	-1.25%	3.95	4.05	6
Provexis ,PXS,	0.80	253,339	0.00%	0.00	0.00	6
Physiomics ,PYC,	5.90	711,709	-0.84%	5.90	6.05	16
Quantum Block ,QBT,	2.85	6,713,892	0.00%	2.85	2.95	95
Quadrise Fuels ,QFI,	2.525	1,721,665	3.06%	0.00	0.00	13
Quartix Tech ,QTX,	395.00	5,077	0.00%	395.00	395.00	7
Quiz ,QUIZ,	15.725	18,955	0.00%	0.00	0.00	4
Quixant ,QXT,	177.50	44,261	3.50%	175.00	177.50	14
Ra Internation. ,RAI,	48.50	7,136	0.00%	48.50	48.50	5
Reabold Resources ,RBD,	0.165	14,971,010	0.00%	0.165	0.165	7
Rev Bars ,RBG,	22.90	412,844	-2.97%	22.90	22.90	48
Rbg Holdings ,RBGP,	125.00	9,973	-1.19%	125.00	125.00	4
Robinson ,RBN,	85.00	8,743	0.00%	85.00	85.00	3
Redcentric ,RCN,	123.00	563,533	0.82%	122.00	125.00	44
Rosslyn Data ,RDT,	3.73	4,665,775	-13.26%	3.73	4.00	37
React Group ,REAT,	2.125	10,831,119	25.00%	1.90	2.15	141
Reneuron ,RENE,	81.00	99,687	1.25%	81.00	83.50	19
Renalytix Plc ,RENX,	550.00	7,800	-2.65%	550.00	565.00	15
Revolution Bg ,REVB,	117.50	64,790	-1.26%	117.50	119.50	39
Ramsdens Hldgs ,RFX,	166.00	7,419	0.00%	166.00	166.00	8
Real Good Food ,RGD,	3.05	15,661	0.00%	3.05	3.05	2
Riverfort ,RGO,	1.375	529,363	0.00%	1.375	1.375	7
Rockhopper ,RKH,	9.76	1,165,348	2.18%	9.02	9.81	49
Rockwood Realis ,RKW,	1,490.00	5,177	-1.00%	1,490.00	1,505.00	16
REI ,RLE,	40.50	136,384	0.00%	40.50	40.50	15
Rambler ,RMM,	36.75	1,967,853	2.94%	35.50	35.50	136
Renold ,RNO,	29.80	94,572	0.68%	29.80	29.80	9
Renew Holdings ,RNWH,	803.00	146,066	0.88%	794.00	810.00	178
Rockfire ,ROCK,	0.57	2,037,265	0.00%	0.57	0.57	8
Rotala ,ROL,	30.50	15,000	0.00%	30.50	30.50	1
Randall&quilter ,RQIH,	171.00	72,497	-0.43%	171.00	171.00	19
Red Rock Resources ,RRR,	0.575	3,762,156	0.00%	0.56	0.575	9
Restore ,RST,	490.00	461,982	1.66%	490.00	490.00	31
Rtc Grp. ,RTC,	42.50	0	0.00%	42.50	42.50	0
Rua Life Sci. ,RUA,	67.00	76,639	0.00%	67.00	67.00	8
Rurelec ,RUR,	0.50	71,966	0.00%	0.50	0.50	1
Rws Hldgs ,RWS,	576.50	851,604	-1.03%	572.00	586.50	746
M&C Saatchi ,SAA,	183.50	325,825	3.97%	176.00	183.50	140
Microlise Grp ,SAAS,	200.00	13,674	0.00%	200.00	200.00	7
Simec Atlantis ,SAE,	1.48	1,966,010	-2.95%	1.48	1.54	41
Science Group ,SAG,	450.00	57,254	0.00%	450.00	460.00	37
SpaceandPeople ,SAL,	13.00	42,624	4.00%	12.40	13.00	4
Sareum ,SAR,	4.30	1,950,521	2.38%	4.20	4.40	46
Savannah Resources ,SAV,	4.88	5,860,317	1.67%	4.70	4.88	72
Savannah Energy ,SAVE,	27.30	2,560,084	0.00%	27.00	27.70	131
Silver Bullet ,SBDS,	240.00	0	0.00%	240.00	240.00	0
Sourcebio Int ,SBI,	157.50	16,423	0.00%	157.50	157.50	11
Skinbiotherap. ,SBTX,	37.00	68,873	-0.67%	37.00	37.25	19
Surface Transforms ,SCE,	52.00	256,981	4.00%	50.00	52.00	33
Scirocco Energy ,SCIR,	0.775	1,048,006	0.00%	0.775	0.775	8
Scancell Holdings ,SCLP,	20.75	340,593	-2.35%	20.75	21.25	18
Sndrsn Dsn ,SDG,	155.50	128,585	0.65%	153.00	155.50	31
SDI Group ,SDI,	198.00	144,853	-1.98%	197.00	200.00	41
SDX Energy ,SDX,	10.75	447,649	2.38%	10.25	10.75	13
Sec Newgate ,SECN,	86.50	0	0.00%	86.50	86.50	0
Saietta ,SED,	245.00	112,971	8.89%	245.00	245.00	58
Seeing ,SEE,	10.40	2,458,749	0.00%	10.24	10.48	106
Seed Innov ,SEED,	6.90	2,036,909	0.00%	6.65	6.90	41
Seeen ,SEEN,	25.00	2,500	0.00%	25.00	25.00	1
Sensyne Health. ,SENS,	75.50	60,565	0.00%	75.00	75.50	12
Serinus Energy ,SENX,	1.625	2,152,845	-1.52%	1.625	1.65	13
Safestyle Uk ,SFE,	51.80	10,061	2.53%	51.80	51.80	3
Stanley Gibbons ,SGI,	2.50	1,727	0.00%	2.50	2.50	3
Scotgold Di ,SGZ,	67.50	5,080	0.00%	69.00	69.00	3
Shanta Gold ,SHG,	9.00	2,363,063	1.93%	9.00	9.00	57
Shoe Zone ,SHOE,	140.00	966,592	-3.45%	140.00	142.00	44
Secure Income Reit ,SIR,	428.00	350,498	0.94%	423.00	428.50	364
Science Sprt ,SIS,	69.50	362,789	0.72%	69.00	69.50	11
600 Group ,SIXH,	13.50	11,354	0.00%	13.50	13.50	1
San Leon ,SLE,	39.968	0	0.00%	0.00	0.00	0
Sylvania Pl ,SLP,	96.00	1,144,689	4.35%	91.00	96.00	159
Spectral Md ,SMD,	36.50	5,854	0.00%	36.50	36.50	1
Strategic Minerals ,SML,	0.30	4,368,238	0.00%	0.30	0.325	8
Smartspace ,SMRT,	77.00	8,378	0.00%	77.00	77.00	6
Smart Metering ,SMS,	798.00	113,901	-1.12%	798.00	825.00	341
Synairgen ,SNG,	193.30	932,114	0.10%	190.10	198.00	518
Sabien Tech. ,SNT,	28.00	241,759	2.75%	27.25	28.00	19
Synectics ,SNX,	92.50	43,511	-5.13%	92.50	97.50	11
Solid State ,SOLI,	1,235.00	11,776	-2.76%	1,235.00	1,270.00	19
Somero Enter Di ,SOM,	590.00	250,753	1.72%	585.00	590.00	71
Sosandar ,SOS,	30.75	19,302	0.00%	30.75	30.75	7
Sound Energy ,SOU,	2.15	4,760,832	4.88%	2.15	2.18	47
1Spatial Holdings ,SPA,	47.50	57,466	0.00%	47.50	47.50	11
Sopheon ,SPE,	890.00	3,219	-3.78%	890.00	890.00	1
Inspecs Group ,SPEC,	408.00	94,865	2.00%	408.00	408.00	16
Sportech ,SPO,	39.00	80,079	-2.50%	39.00	39.00	6
Springfield Pr. ,SPR,	147.50	42,289	0.00%	145.00	148.50	9
Spectra ,Unres, ,SPSY,	155.00	34,394	0.65%	154.00	155.00	5
Serica ,SQZ,	240.50	842,023	-1.23%	237.00	244.00	320
Serabi ,SRB,	58.00	10,192	0.00%	57.00	57.00	2
Sigmaroc ,SRC,	97.00	207,535	-1.62%	95.60	95.60	37
Sunrise Res ,SRES,	0.195	4,354,050	0.00%	0.195	0.195	5
Srt Marine Sys. ,SRT,	47.50	240,152	0.00%	47.00	47.50	21
Safestay ,SSTY,	19.50	0	0.00%	19.50	19.50	0
Star Phx Grp ,STA,	1.30	58,399	0.00%	1.30	1.30	9
Staffline ,STAF,	60.00	268,702	-0.17%	58.60	60.00	35
Steppe Cement ,STCM,	40.00	71,329	-3.61%	39.00	40.00	19
Stm Grp. ,STM,	31.00	12,445	0.00%	31.00	31.00	3
Shield Thera ,STX,	44.00	403,898	2.33%	43.50	44.00	63
Sutton Harbour Holdings ,SUH,	24.00	40	0.00%	24.00	24.00	1
Sumo Group Plc ,SUMO,	512.00	5,099,824	0.00%	512.00	513.00	80
Surgical Innovations ,SUN,	2.30	197,576	0.00%	2.30	2.30	5
Supreme Plc ,SUP,	242.50	61,176	2.11%	237.50	242.50	32
Sureserve ,SUR,	96.50	94,130	0.00%	95.00	96.50	22
Starvest ,SVE,	15.00	15	0.00%	15.00	15.00	1
Shearwater ,SWG,	115.50	14,139	1.76%	113.50	115.50	5
Symphony Env. ,SYM,	24.00	552,255	-2.04%	23.25	24.50	25
Sysgroup ,SYS,	29.00	25,013	0.00%	29.00	29.00	3
System1 Group ,SYS1,	435.00	5,107	0.00%	435.00	435.00	4
Tatton Asset M. ,TAM,	554.00	33,090	0.36%	548.00	556.00	40
Tasty ,TAST,	5.25	15,238	0.00%	5.25	5.25	4
Tavistock ,TAVI,	4.25	119,749	0.00%	4.25	4.25	2
Tinybuild Inc S ,TBLD,	201.00	4,509	0.00%	201.00	201.00	3
Team ,TEAM,	68.50	3,900	1.48%	67.50	68.50	5
TekCapital ,TEK,	33.75	1,192,154	2.27%	33.75	35.25	87
Ten Life ,TENG,	117.00	73,990	1.29%	115.00	117.00	26
Tern ,TERN,	13.50	748,649	-3.57%	13.50	14.00	35
Thorpe ,F.w, ,TFW,	490.00	6,778	0.00%	490.00	490.00	4
Tekmar Group P. ,TGP,	54.00	1,823,561	5.88%	50.20	56.00	81
Thor Mining ,THR,	0.675	1,520,086	0.00%	0.675	0.675	15
Thruvision Grp ,THRU,	25.60	192	0.00%	25.60	25.60	1
Crimson Tide ,TIDE,	2.80	0	0.00%	2.80	2.80	0
Time Finance ,TIME,	27.00	117,462	0.00%	27.00	27.00	14
Tiger Resource ,TIR,	0.275	0	0.00%	0.275	0.275	0
Tlou Energy ,TLOU,	2.30	36,569	0.00%	2.30	2.30	4
Totally ,TLY,	33.10	232,030	0.00%	33.10	33.10	10
Team17 Group ,TM17,	714.00	117,043	-6.67%	714.00	765.00	97
The Mission Group ,TMG,	69.00	52,523	0.00%	69.00	69.00	14
Time Out ,TMO,	58.50	39,922	0.00%	58.50	58.50	3
Tandem Group ,TND,	585.00	11,800	0.86%	580.00	585.00	11
Tintra Plc ,TNT,	200.00	300,481	33.33%	152.50	215.00	183
Tomco Energy ,TOM,	0.66	9,802,661	4.76%	0.66	0.67	33
Titon ,TON,	113.50	7,700	-1.30%	113.50	113.50	7
Propty Franchis ,TPFG,	314.00	5,821	0.00%	313.00	314.00	11
Tp Grp ,TPG,	3.725	609,081	-1.32%	3.725	3.775	4
Tpximpact Hldg ,TPX,	245.00	14,342	0.00%	245.00	245.00	7
T42 Iot Track. ,TRAC,	23.50	732,336	17.50%	20.00	24.50	54
Trafalgar Prop ,TRAF,	0.625	0	0.00%	0.625	0.625	0
Trakm8 Hldgs ,TRAK,	23.00	27,729	0.00%	23.00	23.00	3
Tribal Grp. ,TRB,	97.00	486,376	0.51%	97.00	103.00	18
Tracsis ,TRCS,	980.00	120,321	0.00%	980.00	980.00	22
Trinity ,TRIN,	131.50	39,905	0.00%	131.50	132.50	10
Trellus Health. ,TRLS,	47.00	8,683	0.00%	47.00	47.00	3
Tremor Int Ltd ,TRMR,	520.00	134,522	0.78%	510.00	530.00	314
Tower Resources ,TRP,	0.365	3,917,717	1.39%	0.36	0.365	12
Trident Royal. ,TRR,	37.00	194,683	0.00%	37.00	37.00	13
Transense ,TRT,	78.50	18,006	0.00%	78.50	78.50	4
Trufin Plc ,TRU,	86.50	123,406	5.49%	82.00	86.50	20
Tissue Regenix Group ,TRX,	0.50	2,836,210	0.00%	0.49	0.50	25
Thinksmart Ltd ,TSL,	49.60	625,242	0.20%	49.00	50.00	51
Touchstar Plc ,TST,	77.50	250	0.00%	77.50	77.50	1
Tristel ,TSTL,	412.50	14,455	-0.60%	412.50	415.00	24
Tungsten West ,TUN,	61.00	60,866	-0.81%	61.00	61.50	21
Focusrite ,TUNE,	1,400.00	35,772	1.08%	1,400.00	1,420.00	58
Tungsten Corp ,TUNG,	38.00	84,411	4.28%	37.60	38.00	11
Trackwise Desi. ,TWD,	92.50	36,958	0.54%	92.00	92.50	17
Touchst Ex Di ,TXP,	93.00	901,688	0.00%	92.00	94.50	36
Tertiary Minerals ,TYM,	0.20	740,726	0.00%	0.20	0.20	8
Alien Metals ,UFO,	0.675	35,122,717	0.00%	0.64	0.675	108
Union Jack ,UJO,	14.25	658,224	-1.72%	14.25	14.50	33
Uk Oil & Gas ,UKOG,	0.11	86,536,830	-2.22%	0.108	0.115	66
Uls Tech ,ULS,	83.00	31,572	0.24%	82.20	83.00	7
Universe ,UNG,	11.50	3,000	0.00%	11.00	11.50	1
United Oil&gas ,UOG,	2.60	5,328,178	-0.95%	2.60	2.77	46
Uniphar Plc ,UPR,	357.00	20,765	-5.56%	355.00	378.00	10
Uru Metals ,URU,	165.00	65	0.00%	165.00	165.00	1
Univision ,UVEL,	0.625	0	0.00%	0.625	0.625	0
Valirx ,VAL,	28.25	273,455	-2.59%	28.00	29.00	36
Van Elle ,VANL,	47.00	24,455	-1.05%	47.00	47.50	7
Various Eat. ,VARE,	69.00	28,878	-0.72%	69.00	69.50	9
Vast Res ,VAST,	1.88	1,340,238	-1.05%	1.88	1.88	22
Vector Capital ,VCAP,	47.00	38,514	8.05%	47.00	47.00	6
Victoria ,VCP,	1,200.00	272,084	0.00%	1,200.00	1,200.00	34
Verditek ,VDTK,	2.60	102,940	0.00%	2.60	2.60	10
Velocity Comp ,VEL,	25.00	1,716	-3.85%	25.00	26.00	1
Vela Tech. ,VELA,	0.041	111,769,964	6.45%	0.039	0.041	59
Victorian Plum ,VIC,	107.60	435,494	-2.18%	106.40	113.40	368
Virgin Wines ,VINO,	207.50	5,384	0.00%	207.50	207.50	3
Volvere ,VLE,	1,230.00	0	0.00%	1,230.00	1,230.00	0
Venture Life ,VLG,	45.00	198,220	-1.64%	44.50	46.50	22
Velocys ,VLS,	7.50	4,420,723	-1.19%	7.39	7.57	147
Volex ,VLX,	311.50	376,441	-0.48%	307.00	315.00	415
Vianet Grp ,VNET,	102.50	16,407	0.00%	102.50	102.50	4
Victoria Oil & Gas ,VOG,	4.45	365,935	3.73%	4.35	4.45	17
Verici Dx ,VRCI,	50.00	188,012	0.00%	50.00	50.00	13
Versarien ,VRS,	31.00	176,943	-0.65%	30.75	31.00	36
Vertu Motors ,VTU,	72.00	1,141,008	-0.55%	71.60	73.20	274
Warpaint London ,W7L,	156.50	3,918	0.00%	156.50	156.50	3
Wandisco ,WAND,	327.00	88,657	-1.21%	314.00	338.00	145
Water Intel. ,WATR,	1,140.00	2,152	3.64%	1,140.00	1,140.00	6
Woodbois ,WBI,	4.00	42,620,479	-6.98%	3.80	4.125	49
Webis ,WEB,	3.70	322,470	2.78%	3.60	3.70	8
Wentworth Res. ,WEN,	23.00	107,954	2.22%	22.00	23.00	12
WHIreland ,WHI,	46.00	0	0.00%	46.00	46.00	0
Warehouse Reit ,WHR,	165.20	1,527,831	0.12%	163.00	167.20	409
Naked Wine ,WINE,	604.00	107,318	1.51%	584.00	615.00	354
M Winkworth ,WINK,	208.00	12,787	0.48%	208.00	208.00	8
Watkin Jones ,WJG,	263.00	416,788	2.14%	256.50	269.50	356
Weiss Korea Opp ,WKOF,	242.00	0	0.00%	238.00	242.00	0
Windar Photo ,WPHO,	17.50	2,600	0.00%	17.50	17.50	1
W Resources ,WRES,	4.75	808,262	3.26%	4.60	4.75	23
Wishbone ,WSBN,	9.50	598,003	-2.06%	9.50	9.60	23
Westminster Group ,WSG,	3.40	834,613	-5.56%	3.40	3.60	15
Westmount Engy. ,WTE,	8.125	417,936	3.50%	7.85	8.25	14
Wynnstay ,WYN,	570.00	9,620	0.00%	570.00	570.00	9
Xlmedia ,XLM,	42.00	240,534	0.00%	42.00	42.00	15
Xpediator Plc ,XPD,	51.00	108,995	1.49%	50.75	51.00	15
Xp Factory ,XPF,	30.50	81,844	1.67%	30.50	30.50	8
Xeros Tech ,XSG,	118.50	1,110	0.00%	117.00	118.50	3
Xtract ,XTR,	5.50	2,746,662	0.00%	5.60	5.60	42
Yellow Cake Plc ,YCA,	342.00	791,495	0.29%	340.50	355.00	1,014
Yourgene ,YGEN,	12.25	1,978,575	4.26%	11.75	12.25	29
Young & Co 'A' ,YNGA,	1,540.00	18,337	-3.75%	1,535.00	1,610.00	200
Young & Co N/v ,YNGN,	850.00	3,091	1.18%	850.00	850.00	16
YouGov ,YOU,	1,470.00	453,469	1.38%	1,470.00	1,470.00	45
Yu Group ,YU.,	280.00	17,688	9.80%	265.00	280.00	27
Zambeef Prod. ,ZAM,	7.875	110,000	1.61%	7.875	7.875	4
Zenova Grp ,ZED,	17.25	47,975	-2.82%	17.25	17.75	6
Zinc Media ,ZIN,	82.50	14,531	6.45%	77.50	82.50	9
Zanaga Iron ,ZIOC,	4.19	215,662	-4.07%	4.19	4.41	13
Zinnwald Lith. ,ZNWD,	19.25	2,244,392	-6.10%	19.25	19.75	259
Zoltav Res ,ZOL,	22.50	0	0.00%	22.50	22.50	0
Zoo Digital ,ZOO,	133.00	175,928	0.00%	132.00	132.00	24
Zephyr Energy ,ZPHR,	7.00	1,392,045	2.19%	6.85	7.00	42
Zytronic ,ZYT,	170.00	8,800	0.00%	170.00	170.00	7